"title","continent","year_of_publication","pro_endpoint","qol_endpoint","physician_endpoint","physiological_endpoint","holter_endpoint","blinding_binary","decade","log_n","treatment_type","physiological_combined"
"Efficacy of ivabradine in combination with Beta-blocker versus uptitration of Beta-blocker in patients with stable angina.","Europe",2011,1,1,1,1,0,"unblinded","2010-2026",3.40119738166216,"pharmacological",1
"Effects of ivabradine and ranolazine in patients with microvascular angina pectoris.","Europe",2013,0,1,0,0,0,"blinded","2010-2026",3.85014760171006,"pharmacological",0
"Effects of a new metabolic modulator, ranolazine, on exercise tolerance in angina pectoris patients treated with beta-blocker or diltiazem.","Europe",1992,0,0,0,1,0,"blinded","1990s",4.65396035015752,"pharmacological",1
"Efficacy of the I(f) current inhibitor ivabradine in patients with chronic stable angina receiving beta-blocker therapy: a 4-month, randomized, placebo-controlled trial.","North America",2009,0,0,0,1,0,"blinded","2000s",6.79122146272619,"pharmacological",1
"Intracoronary autologous CD34+ stem cell therapy for intractable angina.","Asia",2010,1,0,1,1,0,"blinded","2010-2026",4.72738781871234,"pharmacological",1
"Efficacy of calcium channel blocker therapy for angina pectoris resulting from small-vessel coronary artery disease and abnormal vasodilator reserve.","North America",1985,1,1,0,1,0,"blinded","1980s",3.29583686600433,"pharmacological",1
"Antianginal efficacy of ranolazine when added to treatment with amlodipine: the ERICA (Efficacy of Ranolazine in Chronic Angina) trial.","North America",2006,1,0,0,0,0,"blinded","2000s",6.33859407820318,"pharmacological",0
"Evaluation of ranolazine in patients with type 2 diabetes mellitus and chronic stable angina: results from the TERISA randomized clinical trial (Type 2 Diabetes Evaluation of Ranolazine in Subjects With Chronic Stable Angina).","North America",2013,1,0,0,0,0,"blinded","2010-2026",6.85646198459459,"pharmacological",0
"Antianginal efficacy and safety of ivabradine compared with amlodipine in patients with stable effort angina pectoris: a 3-month randomised, double-blind, multicentre, noninferiority trial.","Europe",2007,0,0,0,1,0,"blinded","2000s",7.08673793451058,"pharmacological",1
"Effects of ranolazine with atenolol, amlodipine, or diltiazem on exercise tolerance and angina frequency in patients with severe chronic angina: a randomized controlled trial.","North America",2004,0,0,0,1,0,"blinded","2000s",6.71417052990947,"pharmacological",1
"Double-blind efficacy and safety study of a novel anti-ischemic agent, ranolazine, versus placebo in patients with chronic stable angina pectoris. Ranolazine Study Group.","North America",1994,0,0,0,1,0,"blinded","1990s",5.76832099579377,"pharmacological",1
"Comparative efficacy of ranolazine versus atenolol for chronic angina pectoris.","Europe",2005,0,0,0,1,0,"blinded","2000s",5.06890420222023,"pharmacological",1
"Efficacy of ivabradine, a new selective I(f) inhibitor, compared with atenolol in patients with chronic stable angina.","North America",2005,0,0,0,1,0,"blinded","2000s",6.84587987526405,"pharmacological",1
"Ranolazine improves angina in women with evidence of myocardial ischemia but no obstructive coronary artery disease.","North America",2011,0,1,0,0,0,"blinded","2010-2026",3.04452243772342,"pharmacological",0
"A 6-week double-blind comparison of amlodipine and placebo in patients with stable exertional angina pectoris receiving concomitant beta-blocker therapy.","Europe",1991,0,0,0,1,0,"blinded","1990s",4.54329478227,"pharmacological",1
"Effects of nicorandil on exercise tolerance in patients with stable effort angina: a double-blind study.","Asia",1986,0,0,0,1,0,"blinded","1980s",2.484906649788,"pharmacological",1
"Nicorandil Versus Nitroglycerin for Symptomatic Relief of Angina in Patients With Slow Coronary Flow Phenomenon: A Randomized Clinical Trial.","Asia",2015,1,0,1,0,0,"blinded","2010-2026",4.00733318523247,"pharmacological",0
"Effects of short-term treatment of nicorandil on exercise-induced myocardial ischemia and abnormal cardiac autonomic activity in microvascular angina.","Asia",1997,1,0,0,1,1,"blinded","1990s",2.63905732961526,"pharmacological",1
"Anti-ischemic effects and long-term survival during ranolazine monotherapy in patients with chronic severe angina.","North America",2004,0,0,0,1,0,"blinded","2000s",5.25749537202778,"pharmacological",1
"Efficacy of nicorandil versus propranolol in mild stable angina pectoris of effort: a long-term, double-blind, randomized study.","Europe",1992,1,0,0,1,0,"blinded","1990s",4.35670882668959,"pharmacological",1
"Antianginal and antiischemic effects of ivabradine, an I(f) inhibitor, in stable angina: a randomized, double-blind, multicentered, placebo-controlled trial.","North America",2003,0,0,0,1,0,"blinded","2000s",5.88887795833288,"pharmacological",1
"Oral nicorandil reduces ischemic attacks in patients with stable angina: A prospective, multicenter, open-label, randomized, controlled study.","Asia",2016,0,0,0,0,1,"unblinded","2010-2026",5.99893656194668,"pharmacological",1
"[Effects of the K(+) channel blocker tedisamil on hemodynamics, myocardial ischemia and neurohumoral systems in patients with stable angina pectoris. A comparison with the beta blocker atenolol].","Europe",1999,0,0,0,1,0,"blinded","1990s",3.89182029811063,"pharmacological",1
"Combination of calcium channel blockers and beta-blockers for patients with exercise-induced angina pectoris: beneficial effect of calcium channel blockers largely determined by their effect on heart rate.","Europe",1999,0,0,0,1,0,"blinded","1990s",5.8171111599632,"pharmacological",1
"Efficacy of Ivabradine in Combination with Beta-Blockers Versus Uptitration of Beta-Blockers in Patients with Stable Angina (CONTROL-2 Study).","Europe",2018,1,1,1,0,0,"unblinded","2010-2026",7.00760061395185,"pharmacological",0
"Effects of Exercise Training With and Without Ranolazine on Peak Oxygen Consumption, Daily Physical Activity, and Quality of Life in Patients With Chronic Stable Angina Pectoris.","North America",2019,0,0,0,1,0,"blinded","2010-2026",3.40119738166216,"pharmacological",1
"[Triple antianginal combinations in the treatment of elderly and senile patients with stable angina].","Europe",2016,0,1,0,1,1,NA,"2010-2026",4.68213122712422,"pharmacological",1
"Comparison of nicorandil and atenolol in stable angina pectoris.","Europe",1990,1,0,0,1,0,"blinded","1990s",3.63758615972639,"pharmacological",1
"Antianginal and anti-ischemic efficacy of nicorandil compared with nifedipine in patients with angina pectoris and coronary heart disease: a double-blind, randomized, multicenter study.","Europe",1992,0,0,0,1,0,"blinded","1990s",4.07753744390572,"pharmacological",1
"A double-blind comparison of nicorandil and metoprolol in stable effort angina pectoris.","Europe",1993,1,0,0,1,0,"blinded","1990s",3.04452243772342,"pharmacological",1
"[Impacts on neutrophil to lymphocyte ratio in patients of chronic stable angina pectoris treated with acupuncture at Neiguan (PC 6)].","Asia",2015,1,1,0,1,0,NA,"2010-2026",3.43398720448515,"other",1
"Additional antianginal and anti-ischemic efficacy of mibefradil in patients pretreated with a beta blocker for chronic stable angina pectoris.","North America",1997,0,0,0,1,0,"blinded","1990s",5.32787616878958,"pharmacological",1
"A randomized, placebo-controlled trial of late Na current inhibition (ranolazine) in coronary microvascular dysfunction (CMD): impact on angina and myocardial perfusion reserve.","North America",2016,0,1,0,0,0,"blinded","2010-2026",4.96284463025991,"pharmacological",0
"Efficacy of intermittent (eight hours off) transdermal nitrate therapy in stable angina.","Europe",1994,1,0,0,1,0,"blinded","1990s",3.85014760171006,"pharmacological",1
"[Metrological analysis for efficacy of acupuncture on angina pectoris].","Asia",1993,0,0,0,1,0,"blinded","1990s",2.77258872223978,"other",1
"Percutaneous coronary intervention in stable angina (ORBITA): a double-blind, randomised controlled trial.","Europe",2018,0,0,0,1,0,"blinded","2010-2026",5.30330490805908,"interventional",1
"Long-term safety and efficacy of ivabradine in patients with chronic stable angina.","Europe",2007,1,0,0,0,0,"blinded","2000s",5.95842469302978,"pharmacological",0
"Penbutolol and molsidomine synergism in angina pectoris. A double blind ergometric trial.","South America",1984,0,0,0,1,0,"blinded","1980s",3.43398720448515,"pharmacological",1
"A controlled trial with a novel anti-ischemic agent, ranolazine, in chronic stable angina pectoris that is responsive to conventional antianginal agents. Ranolazine Study Group.","North America",1999,0,0,0,1,0,"blinded","1990s",5.74620319054015,"pharmacological",1
"Lack of rebound during intermittent transdermal treatment with glyceryl trinitrate in patients with stable angina on background beta blocker.","Europe",1993,0,0,0,1,0,"blinded","1990s",2.70805020110221,"pharmacological",1
"Mid-term results of combined transmyocardial laser revascularization and coronary artery bypass.","Europe",2003,0,0,1,1,0,"blinded","2000s",3.04452243772342,"interventional",1
"Antianginal and anti-ischemic efficacy of nicorandil in comparison with isosorbide-5-mononitrate and isosorbide dinitrate: results from two multicenter, double-blind, randomized studies with stable coronary heart disease patients.","Europe",1992,1,0,0,1,0,"blinded","1990s",4.67282883446191,"pharmacological",1
"Adding the new calcium antagonist mibefradil to patients receiving long-term beta-blocker therapy results in improved antianginal and antiischemic efficacy.","Asia",1998,0,0,0,1,0,"blinded","1990s",4.56434819146784,"pharmacological",1
"Acupuncture in angina pectoris: does acupuncture have a specific effect?","Europe",1991,1,0,0,1,0,"blinded","1990s",3.52636052461616,"other",1
"Double-blind, multicenter, active-controlled, randomized clinical trial to assess the safety and efficacy of orally administered nicorandil in patients with stable angina pectoris in China.","Asia",2007,0,0,0,1,0,"blinded","2000s",5.52146091786225,"pharmacological",1
"[Beta-blockader, pindolol, in the therapy of angina pectoris; a report on a multicentric controlled study].","Europe",1979,1,0,0,0,0,"blinded","1970s",4.23410650459726,"pharmacological",0
"Double-blind, dose-response, placebo-controlled multicenter study of nisoldipine. A new second-generation calcium channel blocker in angina pectoris.","North America",1991,0,0,0,1,0,"blinded","1990s",5.2257466737132,"pharmacological",1
"A new water-soluble, selective beta-blocker with intrinsic sympathomimetic activity (ICI 141.292) in angina pectoris.","Europe",1988,0,0,0,1,0,"blinded","1980s",2.484906649788,"pharmacological",1
"[A new anti-ischemic drug for the treatment of stable effort angina pectoris: nicorandil. Comparison with placebo and isosorbide-5-mononitrate].","Europe",1991,0,0,0,1,0,"blinded","1990s",2.94443897916644,"pharmacological",1
"Antianginal efficiency of nifedipine with and without a beta-blocker, studied with exercise test. A double-blind, randomized subacute study.","Europe",1979,1,0,0,1,0,"blinded","1970s",3.09104245335832,"pharmacological",1
"Efficacy and safety of perhexiline maleate in refractory angina. A double-blind placebo-controlled clinical trial of a novel antianginal agent.","North America",1990,1,1,0,1,0,"blinded","1990s",2.89037175789616,"pharmacological",1
"Effects of the cardioselective beta-blocker metoprolol in angina pectoris. A subacute study with exercise tests.","Europe",1975,1,0,0,1,0,"blinded","1970s",2.70805020110221,"pharmacological",1
"Quality of life after on-pump and off-pump coronary artery bypass grafting surgery.","South America",2008,0,1,0,0,0,NA,"2000s",5.53338948872752,"interventional",0
"Double-blind, randomized, placebo-controlled study of molsidomine in patients with stable effort angina receiving beta-blocker therapy with atenolol.","Europe",1985,0,0,0,1,0,"blinded","1980s",2.56494935746154,"pharmacological",1
"[Comparison of nisoldipine and diltiazem in the treatment of effort angina pectoris].","Europe",1994,1,0,0,1,0,"blinded","1990s",3.04452243772342,"pharmacological",1
"A double-blind comparison of the long-term efficacy of a potassium channel opener and a calcium antagonist in stable angina pectoris.","Europe",1993,1,0,0,1,0,"blinded","1990s",4.82028156560504,"pharmacological",1
"Inorganic Nitrate in Angina Study: A Randomized Double-Blind Placebo-Controlled Trial.","Europe",2017,0,0,0,1,0,"blinded","2010-2026",4.26267987704132,"pharmacological",1
"Physical training after percutaneous coronary intervention in patients with stable angina: effects on working capacity, metabolism, and markers of inflammation.","Europe",2010,0,1,0,1,0,"unblinded","2010-2026",4.14313472639153,"other",1
"Exercise capacity after single and twice-daily doses of nicorandil in chronic stable angina pectoris.","Europe",1989,1,0,0,1,0,"blinded","1980s",3.85014760171006,"pharmacological",1
"Felodipine in chronic stable angina: a randomized, double-blind, placebo-controlled, crossover study.","Europe",1990,1,0,0,1,0,"blinded","1990s",3.04452243772342,"pharmacological",1
"Comparison between felodipine and isosorbide mononitrate as adjunct to beta blockade in patients > 65 years of age with angina pectoris.","Europe",1994,0,0,0,1,0,"blinded","1990s",3.85014760171006,"pharmacological",1
"Efficacy, safety and duration of nitrate-free interval to prevent tolerance to transdermal nitroglycerin in effort angina.","Australia",1992,0,0,0,1,0,"blinded","1990s",2.70805020110221,"pharmacological",1
"[The efficacy and safety of the combination of _-blocker bisoprolol and if inhibitor I(f) ivabradine in patients with stable angina and chronic obstructive pulmonary disease].","Europe",2010,1,1,0,0,0,NA,"2010-2026",3.93182563272433,"pharmacological",0
"Attenuation of anti-ischemic efficacy during chronic therapy with nicorandil in patients with stable angina pectoris.","Australia",1999,0,0,0,1,0,"blinded","1990s",3.2188758248682,"pharmacological",1
"A comparison of angioplasty with medical therapy in the treatment of single-vessel coronary artery disease. Veterans Affairs ACME Investigators.","North America",1992,1,0,0,1,0,"unblinded","1990s",5.36129216570943,"interventional",1
"Acupuncture in severe, stable angina pectoris: a randomized trial.","Europe",1986,1,1,0,1,0,"blinded","1980s",3.29583686600433,"other",1
"Effect of acupuncture in patients with angina pectoris.","Europe",1991,1,1,0,1,0,"unblinded","1990s",3.29583686600433,"other",1
"Hemodynamic interactions of a new beta blocker, celiprolol, with nifedipine in angina pectoris.","Europe",1991,0,0,0,1,0,NA,"1990s",3.43398720448515,"pharmacological",1
"Trimetazidine in Angina Combination Therapy--the TACT study: trimetazidine versus conventional treatment in patients with stable angina pectoris in a randomized, placebo-controlled, multicenter study.","Europe",2005,1,0,0,1,0,"blinded","2000s",5.18178355029209,"pharmacological",1
"A randomized multicentre trial to compare revascularization with optimal medical therapy for the treatment of chronic total coronary occlusions.","Europe",2018,0,1,0,0,0,"unblinded","2010-2026",5.98393628068719,"interventional",0
"A prospective, multicenter, randomized trial of percutaneous transmyocardial laser revascularization in patients with nonrecanalizable chronic total occlusions.","North America",2002,0,0,0,1,0,"blinded","2000s",4.95582705760126,"interventional",1
"The treatment of angina pectoris with the new beta-receptor blocker carteolol. Results of a controlled trial in comparison with pindolol.","Europe",1983,0,0,0,1,0,"blinded","1980s",3.71357206670431,"pharmacological",1
"Randomized trial of a medical food for the dietary management of chronic, stable angina.","North America",2002,0,0,0,1,0,"blinded","2000s",3.61091791264422,"pharmacological",1
"Transmyocardial laser revascularisation compared with continued medical therapy for treatment of refractory angina pectoris: a prospective randomised trial. ATLANTIC Investigators. Angina Treatments-Lasers and Normal Therapies in Comparison.","North America",1999,0,0,0,1,0,"unblinded","1990s",5.20948615284142,"interventional",1
"Effects of acupuncture in moderate, stable angina pectoris: a controlled study.","Europe",1990,1,1,0,1,0,"blinded","1990s",3.91202300542815,"other",1
"Anti-anginal and anti-ischemic effects of the selective beta-blocker talinolol in patients with stable angina pectoris.","Europe",2005,0,0,0,1,0,"blinded","2000s",5.48893772615669,"pharmacological",1
"Effect of nicorandil on exercise performance in patients with effort angina: a multicenter trial using a treadmill exercise test.","Asia",1987,0,0,0,1,0,"blinded","1980s",3.40119738166216,"pharmacological",1
"Monotherapy with amlodipine or atenolol versus their combination in stable angina pectoris.","Europe",2000,0,0,0,1,0,"blinded","2000s",5.8636311755981,"pharmacological",1
"Usefulness of PY 108-068, a new calcium channel blocker, for angina pectoris.","Europe",1986,1,0,0,1,1,"blinded","1980s",2.56494935746154,"pharmacological",1
"Comparison of transmyocardial revascularization with medical therapy in patients with refractory angina.","North America",1999,0,0,1,0,0,"unblinded","1990s",5.62040086571715,"interventional",0
"Efficacy of controlled-release isosorbide-5-mononitrate as adjunctive treatment to beta-blocking agents in patients with stable angina pectoris.","Europe",1989,1,0,0,1,0,"blinded","1980s",3.2188758248682,"pharmacological",1
"Short- and long-term treatment of stable effort angina with nicardipine, a new calcium channel blocker: a double-blind, placebo-controlled, randomised, repeated cross-over study.","North America",1985,1,0,0,1,0,"blinded","1980s",3.66356164612965,"pharmacological",1
"Intramyocardial transplantation of autologous CD34+ stem cells for intractable angina: a phase I/IIa double-blind, randomized controlled trial.","North America",2007,1,1,1,1,0,"blinded","2000s",3.2188758248682,"pharmacological",1
"Efficacy and safety of fasudil in patients with stable angina: a double-blind, placebo-controlled, phase 2 trial.","North America",2005,0,0,0,1,0,"blinded","2000s",4.44265125649032,"pharmacological",1
"Medical treatment of patients with severe exertional and rest angina: double blind comparison of beta blocker, calcium antagonist, and nitrate.","Europe",1987,1,0,0,1,1,"blinded","1980s",2.30258509299405,"pharmacological",1
"Comparison of the efficacy of atenolol and its combination with slow-release nifedipine in chronic stable angina.","North America",1993,1,0,0,1,0,"blinded","1990s",3.3322045101752,"pharmacological",1
"Efficacy of transmyocardial laser revascularization and thoracic sympathectomy for the treatment of refractory angina.","Europe",2004,0,1,1,1,0,"unblinded","2000s",3.04452243772342,"interventional",1
"The RENEW Trial: Efficacy and Safety of Intramyocardial Autologous CD34(+) Cell Administration in Patients With Refractory Angina.","North America",2016,0,0,0,1,0,"blinded","2010-2026",4.72738781871234,"pharmacological",1
"Which drug to choose for stable angina pectoris: a comparative study between bisoprolol and nitrates.","Europe",1995,1,0,0,1,0,"blinded","1990s",3.43398720448515,"pharmacological",1
"Intramyocardial, autologous CD34+ cell therapy for refractory angina.","North America",2011,1,0,0,0,0,"blinded","2010-2026",5.12396397940326,"pharmacological",0
"Transmyocardial laser revascularisation in patients with refractory angina: a randomised controlled trial.","Europe",1999,0,0,0,1,0,"unblinded","1990s",5.24174701505964,"interventional",1
"[Evaluation of the efficacy and tolerance of naftidrofuryl in patients presenting with exertional angina. Multicenter double-blind versus placebo study].","Europe",1999,0,1,0,1,0,"blinded","1990s",3.95124371858143,"pharmacological",1
"Treatment of spontaneous angina pectoris with beta blocking agents. A clinical, electrocardiographic, and haemodynamic appraisal.","Europe",1975,1,0,0,0,1,"blinded","1970s",3.61091791264422,"pharmacological",1
"Combination treatment in stable effort angina using trimetazidine and metoprolol: results of a randomized, double-blind, multicentre study (TRIMPOL II). TRIMetazidine in POLand.","Europe",2001,0,0,0,1,0,"blinded","2000s",5.91079664404053,"pharmacological",1
"Effects of nicorandil on kinetics of oxygen uptake at the onset of exercise in patients with coronary artery disease.","Asia",1995,0,0,0,1,0,"blinded","1990s",2.39789527279837,"pharmacological",1
"Percutaneous transmyocardial laser revascularisation for severe angina: the PACIFIC randomised trial. Potential Class Improvement From Intramyocardial Channels.","North America",2000,0,0,0,1,0,"unblinded","2000s",5.40267738187228,"interventional",1
"The effect of an angiotensin-converting enzyme inhibitor and a K+(ATP) channel opener on warm up angina.","Europe",2005,0,0,0,1,0,"blinded","2000s",3.04452243772342,"pharmacological",1
"The effects on left ventricular performance of verapamil and metoprolol singly and together in exercise-induced angina pectoris.","Europe",1985,0,0,0,1,0,"blinded","1980s",3.13549421592915,"pharmacological",1
"Antianginal efficacy of carvedilol, a new beta-blocker with vasodilating action.","Australia",1987,0,0,0,1,0,"blinded","1980s",2.56494935746154,"pharmacological",1
"Monotherapy of stable angina with nicardipine hydrochloride: double-blind, placebo-controlled, randomized study.","North America",1989,1,0,0,1,0,"blinded","1980s",3.85014760171006,"pharmacological",1
"Antianginal and anti-ischemic efficacy of immediate-release nisoldipine in chronic stable angina pectoris.","North America",1994,1,0,0,1,1,"blinded","1990s",4.12713438504509,"pharmacological",1
"Angiogenic gene therapy in patients with nonrevascularizable ischemic heart disease: a phase 2 randomized, controlled trial of AdVEGF(121) (AdVEGF121) versus maximum medical treatment.","North America",2006,0,0,0,1,0,"unblinded","2000s",4.21950770517611,"pharmacological",1
"Double-blind randomized crossover trial of verapamil and propranolol in chronic stable angina.","Europe",1983,1,0,0,1,0,"blinded","1980s",3.13549421592915,"pharmacological",1
"A comparison of nifedipine once daily (Adalat LA), isosorbide mononitrate once daily, and isosorbide dinitrate twice daily in patients with chronic stable angina.","Europe",1996,0,0,0,1,0,"blinded","1990s",5.4380793089232,"pharmacological",1
"The efficacy and safety of ivabradine hydrochloride versus atenolol in Chinese patients with chronic stable angina pectoris.","Asia",2014,0,0,0,1,0,"blinded","2010-2026",5.81413053182507,"pharmacological",1
"Comparison of celiprolol and propranolol in stable angina pectoris. Celiprolol International Angina Study Group.","North America",1991,1,0,0,1,0,"blinded","1990s",4.94875989037817,"pharmacological",1
"N-acetylcysteine modifies the acute effects of isosorbide-5-mononitrate in angina pectoris patients evaluated by exercise testing.","Europe",1989,0,0,0,1,0,"blinded","1980s",2.39789527279837,"pharmacological",1
"Diltiazem, nifedipine, and their combination in patients with stable angina pectoris: effects on angina, exercise tolerance, and the ambulatory electrocardiographic ST segment.","North America",1988,1,0,0,1,1,"blinded","1980s",3.09104245335832,"pharmacological",1
"Antianginal effect of transdermal nitroglycerin and oral nitrates given for 24 hours a day in 2,456 patients with stable angina pectoris. The Italian Multicenter Study.","Europe",1995,1,0,1,0,0,NA,"1990s",7.80669637252118,"pharmacological",0
"Continuous oral N-acetylcysteine treatment and development of nitrate tolerance in patients with stable angina pectoris.","Europe",1991,0,0,0,1,0,"blinded","1990s",2.19722457733622,"pharmacological",1
"Betaxolol in the treatment of stable angina pectoris.","North America",1994,1,0,0,1,0,"blinded","1990s",4.75359019110636,"pharmacological",1
"Comparative clinical efficacy of bepridil, propranolol and placebo in patients with chronic stable angina.","Europe",1985,1,0,0,1,0,"blinded","1980s",3.58351893845611,"pharmacological",1
"A rest and exercise haemodynamic evaluation of a new cardio-selective beta-adrenoceptor blocker celiprolol alone and in combination with nitroglycerine in ischaemic heart disease.","Europe",1986,0,0,0,1,0,"unblinded","1980s",3.2188758248682,"pharmacological",1
"[TTS-nitroglycerin and slow-release metoprolol: efficacy in patients with stable exercise-induced angina].","Europe",1985,0,0,0,1,0,"blinded","1980s",2.39789527279837,"pharmacological",1
"Nadolol versus diltiazem and combination for preventing exercise-induced ischemia in severe angina pectoris.","North America",1988,0,0,0,1,0,"blinded","1980s",2.94443897916644,"pharmacological",1
"The effects of felodipine in angina pectoris.","Europe",1990,1,0,0,1,1,"blinded","1990s",3.04452243772342,"pharmacological",1
"[Nisoldipine in stable angina pectoris. Efficacy and tolerance in comparison with diltiazem].","Europe",1991,1,0,0,1,0,NA,"1990s",3.2188758248682,"pharmacological",1
"Felodipine in addition to beta-adrenergic blockade for angina pectoris. a multicentre, randomized, placebo-controlled trial.","Europe",1995,1,1,0,1,0,"blinded","1990s",4.85981240436167,"pharmacological",1
"Pharmacokinetics and additional anti-ischaemic effectiveness of amlodipine, a once-daily calcium antagonist, during acute and long-term therapy of stable angina pectoris in patients pre-treated with a beta-blocker.","Europe",1993,1,0,0,1,0,"blinded","1990s",2.70805020110221,"pharmacological",1
"Randomized double-blind study of pindolol in patients with stable angina pectoris.","North America",1982,1,0,0,1,0,"blinded","1980s",2.70805020110221,"pharmacological",1
"Effect of partial agonist activity on the side effects of beta-blockade in patients with chronic stable angina.","Europe",1989,1,1,0,1,0,"blinded","1980s",3.04452243772342,"pharmacological",1
"Angiogenic Gene Therapy (AGENT) trial in patients with stable angina pectoris.","North America",2002,0,0,0,1,0,"blinded","2000s",4.38202663467388,"pharmacological",1
"A randomized, triple-blind trial of cardiac shock-wave therapy on exercise tolerance and symptoms in patients with stable angina pectoris.","Europe",2018,0,0,0,1,0,"blinded","2010-2026",4.29045944114839,"interventional",1
"Additional antianginal and anti-ischemic efficacy of mibefradil in patients concomitantly treated with long-acting nitrates for chronic stable angina pectoris.","North America",1998,0,0,0,1,0,"blinded","1990s",5.24702407216049,"pharmacological",1
"Comparison of combination nifedipine-propranolol and diltiazem-propranolol with high dose diltiazem monotherapy for stable angina pectoris.","North America",1988,1,0,0,1,0,"blinded","1980s",3.04452243772342,"pharmacological",1
"The symptomatic and objective effects of nifedipine in combination with beta-blocker therapy in severe angina pectoris.","Europe",1982,1,0,0,1,0,"blinded","1980s",2.30258509299405,"pharmacological",1
"Amlodipine once a day in stable angina: double-blind crossover comparison with placebo.","North America",1993,0,0,1,1,0,"blinded","1990s",3.78418963391826,"pharmacological",1
"Carvedilol versus verapamil in chronic stable angina: a multicentre trial.","Europe",1997,0,0,0,1,0,"blinded","1990s",5.51745289646471,"pharmacological",1
"Long-term antianginal and antiischemic effects of mibefradil, the novel T-type calcium channel blocker: a multicenter, double-blind, placebo-controlled, randomized comparison with sustained-release diltiazem.","Europe",1997,0,0,0,1,0,"blinded","1990s",5.33753807970132,"pharmacological",1
"[Coronary artery disease observed in general hospitals: ETTIC study. Comparison between trimetazidine and mononitrate isosorbide for patients receiving betablockers].","Europe",2002,1,0,0,1,0,NA,"2000s",5.2257466737132,"pharmacological",1
"Effect of metoprolol and amlodipine on myocardial total ischaemic burden in patients with stable angina pectoris.","Europe",1997,0,0,0,0,1,"blinded","1990s",3.97029191355212,"pharmacological",1
"A comparison of once daily bisoprolol, 5 and 10 mg, and atenolol 100 mg in the treatment of angina pectoris.","Europe",1987,1,0,0,1,0,"blinded","1980s",2.99573227355399,"pharmacological",1
"Holmium:YAG laser transmyocardial revascularization relieves angina and improves functional status.","North America",1999,0,0,1,1,0,"unblinded","1990s",4.46590811865458,"interventional",1
"A randomised controlled trial of a self-management plan for patients with newly diagnosed angina.","Europe",2002,0,1,0,0,0,"unblinded","2000s",4.96284463025991,"other",0
"Efficacy and safety of extended-release isosorbide mononitrate for stable effort angina pectoris.","North America",1993,0,0,0,1,0,"blinded","1990s",5.74939298590825,"pharmacological",1
"Spinal cord stimulation in chronic intractable angina pectoris: a randomized, controlled efficacy study.","Europe",1998,1,1,0,1,1,"unblinded","1990s",3.25809653802148,"interventional",1
"[Myocardial ischemia with stable angina pectoris: clinico-ergometric evaluation after the use of diltiazem].","Europe",1992,1,0,0,1,0,"blinded","1990s",4.47733681447821,"pharmacological",1
"A comparative study of three beta 1-adrenoreceptor blocking drugs with different degree of intrinsic stimulating activity (metoprolol, practolol and H 87/07) in patients with angina pectoris.","Europe",1978,1,0,0,1,0,NA,"1970s",3.40119738166216,"pharmacological",1
"A double-blind, parallel-group study of amlodipine versus long-acting nitrate in the management of elderly patients with stable angina.","Europe",2001,0,0,0,1,0,"blinded","2000s",5.28320372873799,"pharmacological",1
"[Opposing effects of propranolol and diltiazem on the angina threshold during an exercise test in patients with syndrome X].","Europe",1986,0,0,0,1,0,"blinded","1980s",2.63905732961526,"pharmacological",1
"Efficacy of nifedipine and isosorbide mononitrate in combination with atenolol in stable angina.","Europe",1991,1,0,0,1,1,"blinded","1990s",3.13549421592915,"pharmacological",1
"[Comparative study of the effect of drug therapy and its combination with hyperbaric oxygenation and hemosorption on stable angina pectoris].","Europe",1991,0,0,1,1,0,NA,"1990s",4.26267987704132,"other",1
"Efficacy of acebutolol in chronic stable angina using single-blind and randomized double-blind protocol.","North America",1982,1,0,0,1,0,"blinded","1980s",3.25809653802148,"pharmacological",1
"Treatment of hypertension associated with stable angina pectoris: favourable interaction between new metoprolol formulation (OROS) and nifedipine.","Europe",1996,1,0,0,1,1,"blinded","1990s",3.04452243772342,"pharmacological",1
"Sustained effect of and lack of development of tolerance to controlled-release isosorbide-5-mononitrate in chronic stable angina pectoris.","North America",1989,0,0,0,1,0,"blinded","1980s",2.94443897916644,"pharmacological",1
"Double-blind comparison of once daily betaxolol versus propranolol four times daily in stable angina pectoris. Betaxolol Investigators Group.","North America",1990,1,0,0,1,0,"blinded","1990s",4.72738781871234,"pharmacological",1
"Lack of negative inotropic effects of the new calcium antagonist Ro 40-5967 in patients with stable angina pectoris.","Europe",1991,1,0,0,1,0,"blinded","1990s",4.18965474202643,"pharmacological",1
"Transdermal monotherapy with mepindolol BIO TSD in patients with stable angina pectoris. Placebo-controlled, crossover investigation of a new therapeutic concept with 12-hours overnight application.","Europe",1991,1,0,0,0,1,"blinded","1990s",2.39789527279837,"pharmacological",1
"Anti-anginal efficacy of a controlled-release formulation of isosorbide-5-mononitrate once daily in angina patients on chronic beta-blockade.","Europe",1988,1,0,0,1,0,"blinded","1980s",4.26267987704132,"pharmacological",1
"Attenuation of nitrate effect during an intermittent treatment regimen and the time course of nitrate tolerance.","Europe",1991,0,0,0,1,0,"blinded","1990s",2.56494935746154,"pharmacological",1
"Transient myocardial ischemia during daily life in rest and exertional angina pectoris and comparison of effectiveness of metoprolol versus nifedipine.","Europe",1991,0,0,0,0,1,"blinded","1990s",4.17438726989564,"pharmacological",1
"Comparison of the duration of action of atenolol and nadolol for treatment of angina pectoris.","North America",1988,1,0,0,1,0,"blinded","1980s",2.83321334405622,"pharmacological",1
"[Evaluation on effects of disassembled formulas of Xuefu Zhuyu Decoction for treatment of angina pectoris using Seattle Angina Questionnaire].","Asia",2007,0,1,0,0,0,NA,"2000s",4.82028156560504,"other",0
"Percutaneous myocardial laser revascularization in patients with refractory angina pectoris.","Europe",2003,0,0,0,1,0,"unblinded","2000s",4.30406509320417,"interventional",1
"[Clinical evaluation of pentaerythritol tetranitrate in two doses in patients with stable angina pectoris].","Europe",2005,0,0,0,1,0,"blinded","2000s",3.25809653802148,"pharmacological",1
"Combination therapy with metoprolol and nifedipine versus monotherapy in patients with stable angina pectoris. Results of the International Multicenter Angina Exercise (IMAGE) Study.","Europe",1996,0,0,0,1,0,"blinded","1990s",5.67332326717149,"pharmacological",1
"Evaluating the angina plan in patients admitted to hospital with angina: a randomized controlled trial.","Europe",2011,0,1,0,0,0,"unblinded","2010-2026",5.3890717298165,"other",0
"Comparison of transdermal nitrate and isosorbide dinitrate in chronic stable angina.","Europe",1986,1,0,0,1,1,"blinded","1980s",3.17805383034795,"pharmacological",1
"Comparison of bepridil with nadolol for angina pectoris.","North America",1987,1,0,0,1,0,"blinded","1980s",3.2188758248682,"pharmacological",1
"[The emergence of silent myocardial ischemia as the manifestation of the nitrate withdrawal syndrome in patients with ischemic heart disease].","Europe",1996,0,1,0,0,1,NA,"1990s",2.56494935746154,"pharmacological",1
"[Acute effects of propranolol and its association with nifedipine in aged patients with effort stable angina. Randomized double-blind crossover study, under placebo control].","Europe",1993,0,0,0,1,0,"blinded","1990s",2.77258872223978,"pharmacological",1
"Usefulness and safety of percutaneous myocardial laser revascularization for refractory angina pectoris.","Europe",2004,0,0,1,0,0,"blinded","2000s",4.4188406077966,"interventional",0
"Effects of the calcium antagonist, isradipine, and nifedipine on resting and exercise haemodynamics and the neurohumoral system in patients with stable chronic angina.","Europe",1990,1,0,0,1,0,"blinded","1990s",2.30258509299405,"pharmacological",1
"[Nycthemeral changes in plasma concentrations of active nitrate derivatives. Comparison of a single dose of LP 60mg isosobide dinitrate and LP 20mg isosobide dinitrate administered 3 times daily].","Europe",1992,1,0,0,1,0,"blinded","1990s",4.84418708645859,"pharmacological",1
"Efficacy of anipamil, a phenylalkylamine calcium antagonist, in treatment of angina pectoris.","Europe",1994,1,0,0,1,0,"blinded","1990s",2.99573227355399,"pharmacological",1
"Cardioselective beta-blockade with metoprolol in rest angina: a randomized, double-blind, placebo-controlled, cross-over trial.","Europe",1989,1,0,0,0,1,"blinded","1980s",2.30258509299405,"pharmacological",1
"Efficacy of a device to narrow the coronary sinus in refractory angina.","Asia",2015,0,0,1,0,0,"blinded","2010-2026",4.65396035015752,"interventional",0
"The effects of beta blockade with (epanolol) and without (atenolol) intrinsic sympathomimetic activity in stable angina pectoris. The Visacor Study Group.","Europe",1992,1,0,0,0,0,"blinded","1990s",5.15905529921453,"pharmacological",0
"A double-blind evaluation of amlodipine in patients with chronic, stable angina: sustained efficacy and lack of ""withdrawal phenomenon"" upon abrupt discontinuation.","North America",1994,0,0,0,1,0,"blinded","1990s",5.4249500174814,"pharmacological",1
"Effectiveness of bevantolol in the treatment of angina--a placebo-controlled study.","North America",1986,1,1,0,1,0,"blinded","1980s",4.68213122712422,"pharmacological",1
"Nicardipine for angina pectoris at rest and coronary arterial spasm.","Australia",1985,1,0,0,0,1,"blinded","1980s",2.89037175789616,"pharmacological",1
"Cardiac rehabilitation to improve physical functioning in refractory angina: a pilot study.","Europe",2012,0,1,0,0,0,"unblinded","2010-2026",3.76120011569356,"other",0
"[Dose-response relationship of nitrate therapy of angina pectoris].","Europe",1986,1,0,0,1,0,"blinded","1980s",2.77258872223978,"pharmacological",1
"Individual responses to transdermal nitrates after chronic administration in angina pectoris.","Europe",1988,0,0,0,1,0,"blinded","1980s",2.39789527279837,"pharmacological",1
"Silent ischemic interval on exercise test is a predictor of response to drug therapy: a randomized crossover trial of metoprolol versus diltiazem in stable angina.","Asia",2001,1,1,0,1,0,"blinded","2000s",3.55534806148941,"pharmacological",1
"Thoracic spinal cord stimulation improves functional status and relieves symptoms in patients with refractory angina pectoris: the first placebo-controlled randomised study.","Europe",2007,0,0,0,1,0,"unblinded","2000s",2.56494935746154,"interventional",1
"Trial of invasive versus medical therapy in elderly patients with chronic symptomatic coronary-artery disease (TIME): a randomised trial.","Europe",2001,0,1,0,0,0,"unblinded","2000s",5.72358510195238,"interventional",0
"[Prolonged action nitrates in stable angina pectoris].","Europe",1991,1,0,0,0,0,"blinded","1990s",4.61512051684126,"pharmacological",0
"A comparison of epanolol and nifedipine in stable angina patients: results of a multicentre trial.","Europe",1991,1,1,0,0,0,"blinded","1990s",6.3491389913798,"pharmacological",0
"Poor tolerance and limited effects of isosorbide-5-mononitrate in microvascular angina.","Europe",2015,0,1,0,1,0,"blinded","2010-2026",3.04452243772342,"pharmacological",1
"""Maximal"" drug therapy is not necessarily optimal in chronic angina pectoris.","North America",1984,0,0,0,1,0,"blinded","1980s",2.99573227355399,"pharmacological",1
"[Nisoldipine in the therapy of stable exercise angina: evaluation of its efficacy in ergometric tests compared with propranolol].","Europe",1990,0,0,0,1,0,"blinded","1990s",3.29583686600433,"pharmacological",1
"Chronic stable angina monotherapy. Nifedipine versus propranolol.","North America",1989,1,0,1,1,0,"blinded","1980s",3.09104245335832,"pharmacological",1
"Anti-ischaemic and anti-anginal activity of atenolol, nifedipine and their combination in stable, chronic effort angina.","Europe",1988,0,0,0,1,0,"blinded","1980s",2.39789527279837,"pharmacological",1
"Interaction between cigarettes and propranolol in treatment of angina pectoris.","Europe",1980,0,0,0,1,0,"unblinded","1980s",2.39789527279837,"pharmacological",1
"Effectiveness of nifedipine GITS in combination with atenolol in chronic stable angina.","North America",1999,0,0,0,1,0,"blinded","1990s",5.3082676974012,"pharmacological",1
"[Comparison of the effects of depot isosorbide dinitrate (Isoket Retard 120) and diltiazem in patients with exertional angina pectoris].","Europe",1990,1,0,0,0,0,"blinded","1990s",2.63905732961526,"pharmacological",0
"Effect of a new transdermal therapeutic system containing nitroglycerin on exercise capacity in patients with angina pectoris.","Europe",1985,0,0,0,1,0,"blinded","1980s",2.77258872223978,"pharmacological",1
"[Value of the combination of trimetazidine (Vastarel 20 mg) with diltiazem (Tildiem 60 mg) in stable effort angina. A double-blind versus placebo multicenter study].","Europe",1995,0,0,0,1,0,"blinded","1990s",4.21950770517611,"pharmacological",1
"Comparison of antianginal efficacy of one conventional and three long acting beta-adrenoreceptor blocking agents in stable angina pectoris.","Europe",1981,1,0,0,1,0,"blinded","1980s",2.56494935746154,"pharmacological",1
"Effects of coronary artery bypass grafting on resting and exercise hemodynamics in patients with stable angina pectoris: a prospective, randomized study.","North America",1976,0,0,0,1,0,"unblinded","1970s",4.36944785246702,"interventional",1
"Combined therapy with Ca-antagonists and beta-adrenergic receptor blocking agents in chronic stable angina.","Europe",1984,1,1,0,1,0,"unblinded","1980s",2.94443897916644,"pharmacological",1
"Slow-release gallopamil in patients with stable effort angina.","Europe",1992,0,0,0,1,0,"blinded","1990s",2.56494935746154,"pharmacological",1
"Double-blind randomised crossover trial comparing isosorbide dinitrate cream and oral sustained-release tablets in patients with angina pectoris.","Europe",1985,1,0,0,1,0,"blinded","1980s",3.36729582998647,"pharmacological",1
"Efficacy and safety of once- and twice-daily formulations of molsidomine in patients with stable angina pectoris: double-blind and open-label studies.","Europe",2006,0,0,0,1,0,"blinded","2000s",6.2803958389602,"pharmacological",1
"Assessment of metoprolol, a cardioselective beta-blocking agent, during chronic therapy in patients with angina pectoris.","Europe",1976,1,0,0,1,0,"blinded","1970s",2.39789527279837,"pharmacological",1
"Efficacy and safety of controlled-release isosorbide-5-mononitrate in Japanese patients with stable effort angina pectoris","Asia",2006,0,0,0,1,0,"blinded","2000s",3.46573590279973,"pharmacological",1
"Effect of sildenafil citrate upon myocardial ischemia in patients with chronic stable angina in therapy with beta-blockers.","Europe",2001,0,0,0,1,0,"blinded","2000s",2.70805020110221,"pharmacological",1
"Amlodipine in angina pectoris: effect on maximal and submaximal exercise performance.","North America",1988,1,0,0,1,0,"blinded","1980s",2.83321334405622,"pharmacological",1
"Intermittent transdermal nitroglycerin monotherapy in stable exercise-induced angina: a comparison with a continuous schedule.","Europe",1989,1,0,0,1,0,"blinded","1980s",2.39789527279837,"pharmacological",1
"Long-term efficacy of bepridil in patients with chronic stable angina pectoris: results of a multicenter, placebo-controlled study of extended bepridil use.","North America",1985,1,0,0,1,0,"blinded","1980s",3.52636052461616,"pharmacological",1
"Efficacy of the calcium antagonist isradipine in angina pectoris.","North America",1988,1,0,0,1,0,"blinded","1980s",3.61091791264422,"pharmacological",1
"[Chronic effects of percutaneous transmyocardial laser revascularization in patients with refractory angina].","Asia",2007,0,0,1,0,0,NA,"2000s",3.43398720448515,"interventional",0
"Prophylactic treatment of angina pectoris. A double-blind cross-over comparison of alprenolol and pentanitrol.","Europe",1970,1,1,0,0,0,"blinded","1970s",3.09104245335832,"pharmacological",0
"[Dynamics of structural functional parameters of cardiovascular system in patients with Stable Angina and Congestive Heart Failure treated with Ivabradine for six months].","Europe",2010,1,1,0,1,0,NA,"2010-2026",4.36944785246702,"pharmacological",1
"Intermittent transdermal nitrates do not improve ischemia in patients taking beta-blockers or calcium antagonists: potential role of rebound ischemia during the nitrate-free period.","Australia",1995,0,0,0,0,1,"blinded","1990s",4.07753744390572,"pharmacological",1
"[Comparison of anti-ischemic effect of bepridil and diltiazem evaluated by exercise test in patients with coronary disease. A multicenter study. Groupe d'Investigateurs].","Europe",1997,0,0,0,1,0,"blinded","1990s",5.00394630594546,"pharmacological",1
"What intervals in oral therapy of isosorbide dinitrate in various doses are sufficient to prevent nitrate tolerance?","Europe",2000,0,0,0,1,0,"blinded","2000s",3.66356164612965,"pharmacological",1
"[The prevention of nitrate tolerance in angina patients treated with transdermal nitroglycerin: a comparison of 2 therapeutic regimens (therapeutic outlook versus dosage reduction)].","Europe",1994,1,0,0,1,0,NA,"1990s",4.86753445045558,"pharmacological",1
"Acute and long-term effects on myocardial ischemia of intermittent and continuous transdermal nitrate therapy in stable angina.","Europe",1992,1,1,0,0,1,"blinded","1990s",4.45434729625351,"pharmacological",1
"Propranolol in angina pectoris. Comparison of long-acting and standard-formulation propranolol.","North America",1982,1,0,0,1,0,"blinded","1980s",3.04452243772342,"pharmacological",1
"Clinical benefit of transdermal glyceryl trinitrate when used with an eight hour patch-free period.","Australia",1990,1,0,0,1,0,"blinded","1990s",2.83321334405622,"pharmacological",1
"Transmyocardial laser revascularization with the CO2 laser: one year results of a randomized, controlled trial.","North America",1999,0,1,1,0,0,"unblinded","1990s",5.29330482472449,"interventional",0
"[Quality of life and angina pectoris. Comparison of the effects of 2 nitrate derivatives administered discontinuously: transdermal 10 mg nitroglycerine patch (12 hours) and long-acting oral 40 mg isosorbide-5-mononitrate (once a day)].","Europe",2001,1,1,0,0,0,NA,"2000s",5.01727983681492,"pharmacological",0
"Preventive administration of intravenous N-acetylcysteine and development of tolerance to isosorbide dinitrate in patients with angina pectoris.","Europe",1992,0,0,0,1,0,"blinded","1990s",2.39789527279837,"pharmacological",1
"Long-term responses to nifedipine in patients with coronary spasm who have an initial favorable response.","North America",1983,1,0,0,0,0,"blinded","1980s",3.29583686600433,"pharmacological",0
"Electrical stimulation versus coronary artery bypass surgery in severe angina pectoris: the ESBY study.","Europe",1998,1,1,0,1,0,"unblinded","1990s",4.65396035015752,"interventional",1
"Acute effects of nifedipine, diltiazem and their combination in patients with chronic stable angina: a double-blind, randomized, cross-over, placebo-controlled study.","Europe",1993,0,0,0,1,0,"blinded","1990s",2.83321334405622,"pharmacological",1
"Improved physical performance as a therapeutic objective in patients with angina.","North America",1979,1,1,0,1,0,"blinded","1970s",6.26909628370626,"pharmacological",1
"[Amlodipine versus nifedipine retard. A randomized double-blind comparative study on long-term efficacy and safety of amlodipine and nifedipine retard in the monotherapy of chronic stable angina pectoris].","Europe",2001,1,0,0,1,0,"blinded","2000s",5.50125821054473,"pharmacological",1
"The effects of acupuncture in treatment of coronary heart diseases.","Asia",2004,0,0,1,1,0,NA,"2000s",4.35670882668959,"other",1
"Efficacy and safety of oral Guanxinshutong capsules in patients with stable angina pectoris in China: a prospective, multicenter, double-blind, placebo-controlled, randomized clinical trial.","Asia",2019,1,0,0,0,0,"blinded","2010-2026",5.70711026474888,"other",0
"Clinical utility of nifedipine and diltiazem plasma levels in patients with angina pectoris receiving monotherapy and combination treatment.","North America",1989,1,0,0,1,0,"blinded","1980s",3.17805383034795,"pharmacological",1
"[Comparative study between the therapeutic effects of surgical myocardial revascularization and coronary angioplasty in equivalent ischemic situations: analysis through myocardial scintigraphy with 99mTc-Sestamibi].","South America",2005,0,0,1,1,0,NA,"2000s",4.57471097850338,"interventional",1
"Effects of oral isradipine on left ventricular function at rest and during exercise in patients with stable chronic angina: a double-blind, placebo-controlled crossover study.","Europe",1992,0,0,1,1,0,"blinded","1990s",3.04452243772342,"pharmacological",1
"Randomized crossover trial of isosorbide mononitrate (Elantan 20) and slow-release glyceryl trinitrate in the treatment of angina pectoris.","NA",1985,1,1,0,0,0,"unblinded","1980s",3.93182563272433,"pharmacological",0
"Transdermal nitroglycerin in angina pectoris: efficacy of intermittent application.","Australia",1987,1,0,0,1,0,"blinded","1980s",2.56494935746154,"pharmacological",1
"Comparative haemodynamic dose-response effects of intravenous propranolol, acebutolol and penbutolol in angina pectoris.","Europe",1984,0,0,0,1,0,NA,"1980s",3.43398720448515,"pharmacological",1
"Increased exercise tolerance and reduced duration of ischemia after isosorbide dinitrate oral spray in angina pectoris.","Asia",1988,0,0,0,1,0,"blinded","1980s",2.39789527279837,"pharmacological",1
"Intermittent transdermal nitroglycerin therapy. Decreased anginal threshold during the nitrate-free interval.","North America",1995,0,0,0,1,0,"blinded","1990s",2.56494935746154,"pharmacological",1
"An open label, single-centre, randomized trial of spinal cord stimulation vs. percutaneous myocardial laser revascularization in patients with refractory angina pectoris: the SPiRiT trial.","Europe",2006,0,0,0,1,0,"unblinded","2000s",4.23410650459726,"interventional",1
"Comparison of nifedipine gastrointestinal therapeutic system and atenolol on antianginal efficacies and exercise hemodynamic responses in stable angina pectoris.","North America",1994,1,0,0,1,1,"blinded","1990s",2.89037175789616,"pharmacological",1
"Long-term efficacy of continuous and intermittent use of transdermal nitroglycerin in stable angina pectoris.","Europe",1991,0,0,0,1,0,"blinded","1990s",4.85203026391962,"pharmacological",1
"Assessment of verapamil in the treatment of angina pectoris.","Europe",1975,1,0,0,1,0,"blinded","1970s",3.87120101090789,"pharmacological",1
"Randomized double-blind comparison of isosorbide dinitrate and nifedipine in variant angina pectoris.","Europe",1990,1,0,0,1,1,"blinded","1990s",2.89037175789616,"pharmacological",1
"Effects of a new calcium antagonist, mibefradil (Ro 40-5967), on silent ischemia in patients with stable chronic angina pectoris: a multicenter placebo-controlled study. The Mibefradil International Study Group.","Asia",1996,1,0,0,0,1,"blinded","1990s",5.14749447681345,"pharmacological",1
"Calcium channel blockade as primary therapy for stable angina pectoris. A double-blind placebo-controlled comparison of verapamil and propranolol.","Europe",1982,0,0,0,1,1,"blinded","1980s",3.13549421592915,"pharmacological",1
"Nifedipine gastrointestinal therapeutic system versus atenolol in stable angina pectoris. The Netherlands Working Group on Cardiovascular Research (WCN).","Europe",1996,0,0,0,1,0,"blinded","1990s",4.86753445045558,"pharmacological",1
"Effects of diuretic therapy on the development of tolerance to nitroglycerin and exercise capacity in patients with chronic stable angina.","North America",1996,0,0,0,1,0,"blinded","1990s",2.56494935746154,"pharmacological",1
"[Are calcium inhibitors useful in the treatment of effort angina pectoris].","Europe",1983,0,0,0,1,0,"blinded","1980s",2.39789527279837,"pharmacological",1
"[A comparative clinical study of calcium blockers, gallopamil and nifedipine, in the treatment of stable chest angina].","North America",1990,1,0,0,1,0,"blinded","1990s",3.3322045101752,"pharmacological",1
"Comparison of the effects of a controlled-release formulation of isosorbide-5-mononitrate and conventional isosorbide dinitrate on exercise performance in men with stable angina pectoris.","Europe",1990,1,0,0,1,0,"blinded","1990s",3.52636052461616,"pharmacological",1
"A double blind cross-over comparison of bunitrolol and placebo in the treatment of angina pectoris.","Europe",1981,0,0,0,1,0,"blinded","1980s",3.04452243772342,"pharmacological",1
"Effect of doxycycline and atorvastatin on improving exercise tolerance in patients with angina pectoris.","Asia",2018,1,0,0,1,0,"blinded","2010-2026",5.01727983681492,"pharmacological",1
"Felodipine versus placebo in stable effort-induced angina pectoris in patients inadequately controlled with metoprolol--a dose-finding study.","Europe",1994,0,0,0,1,0,"blinded","1990s",4.20469261939097,"pharmacological",1
"Intermittent transdermal nitroglycerin therapy in the treatment of chronic stable angina.","North America",1989,0,0,0,1,0,"blinded","1980s",5.37527840768417,"pharmacological",1
"A cross-over study comparing the efficacy of a combination of atenolol and nifedipine at different doses in angina pectoris.","Europe",1995,1,0,0,1,0,"blinded","1990s",3.09104245335832,"pharmacological",1
"Efficacy of once daily bisoprolol in stable angina pectoris: an objective comparison with atenolol and long term follow-up.","Europe",1985,0,0,0,1,0,"blinded","1980s",3.04452243772342,"pharmacological",1
"Spinal cord stimulation therapy for patients with refractory angina who are not candidates for revascularization.","North America",2012,1,0,0,0,0,"blinded","2010-2026",4.23410650459726,"interventional",0
"[Development of nitrate tolerance in individual patients with stable angina pectoris in various phases of therapy with oral isosorbide dinitrate].","Europe",2002,0,0,0,1,0,"blinded","2000s",3.66356164612965,"pharmacological",1
"Treatment of chronic angina pectoris with combination mibefradil and beta-blocker therapy.","North America",1998,1,0,0,1,0,"blinded","1990s",5.3082676974012,"pharmacological",1
"Comparison of the effects of pindolol and propranolol on exercise performance in patients with angina pectoris.","North America",1987,0,0,0,1,0,"blinded","1980s",2.484906649788,"pharmacological",1
"Efficacy and safety of molsidomine once-a-day in patients with stable angina pectoris.","Europe",2005,0,0,0,1,0,"blinded","2000s",6.2803958389602,"pharmacological",1
"A pilot double-blind randomized placebo-controlled study of molsidomine 16 mg once-a-day in patients suffering from stable angina pectoris: correlation between efficacy and over time plasma concentrations.","Europe",2003,0,0,0,1,0,"blinded","2000s",3.76120011569356,"pharmacological",1
"Double-blind trial comparing labetalol with atenolol in the treatment of systemic hypertension with angina pectoris.","Africa",1985,1,0,0,1,0,"blinded","1980s",2.39789527279837,"pharmacological",1
"[Propranolol treatment of effort angina in patients with arterial hypotension].","Europe",2004,1,0,0,0,0,"blinded","2000s",4.30406509320417,"pharmacological",0
"Diltiazem dose responses in sustained therapy for stable angina pectoris.","North America",1986,1,0,0,1,0,"blinded","1980s",2.77258872223978,"pharmacological",1
"[Effectiveness of various combination therapies in patients with coronary heart disease].","Europe",1990,0,0,0,1,0,"blinded","1990s",2.484906649788,"pharmacological",1
"The therapeutic effect of L-carnitine in patients with exercise-induced stable angina: a controlled study.","Europe",1991,0,0,1,1,0,NA,"1990s",5.30330490805908,"pharmacological",1
"Evaluation of the efficacy and duration of action of isosorbide mononitrate in angina pectoris.","Europe",1990,0,0,0,1,0,"blinded","1990s",2.39789527279837,"pharmacological",1
"Transmyocardial revascularization with CO2 laser in patients with refractory angina pectoris. Clinical results from the Norwegian randomized trial.","Europe",2000,0,0,0,1,0,"unblinded","2000s",4.61512051684126,"interventional",1
"[Comparative study to assess the efficacy and adverse effects of amlodipine and nifedipine retard in patients with stable exertional angina and hypertension].","Europe",1997,1,1,1,1,0,NA,"1990s",3.09104245335832,"pharmacological",1
"Beneficial and detrimental effects of lidoflazine in microvascular angina.","North America",1990,1,0,0,1,0,"blinded","1990s",3.13549421592915,"pharmacological",1
"Effects of diltiazem and isosorbide-5-mononitrate, alone and in combination, on patients with stable angina pectoris.","Europe",1989,1,0,0,1,0,"blinded","1980s",3.25809653802148,"pharmacological",1
"Randomized double-blind comparison of metoprolol, nifedipine, and their combination in chronic stable angina: effects on total ischemic activity and heart rate at onset of ischemia.","Europe",1988,0,0,0,1,1,"blinded","1980s",3.76120011569356,"pharmacological",1
"Cardiorespiratory and symptomatic variables during maximal and submaximal exercise in men with stable effort angina: a comparison of atenolol and celiprolol.","Europe",1994,0,1,0,1,0,"blinded","1990s",3.04452243772342,"pharmacological",1
"Comparison of the effects of long-acting nifedipine CR and diltiazem R in patients with vasospastic angina: Aomori coronary spastic angina study.","Asia",2010,1,1,0,0,0,NA,"2010-2026",3.63758615972639,"pharmacological",0
"A blinded, randomized, placebo-controlled trial of percutaneous laser myocardial revascularization to improve angina symptoms in patients with severe coronary disease.","North America",2005,0,0,0,1,0,"blinded","2000s",5.70044357339069,"interventional",1
"Sustained high-dose nitroglycerin transcutaneous patch therapy in angina pectoris: evidence for attenuation of effect over time.","North America",1989,0,0,0,1,0,"blinded","1980s",3.04452243772342,"pharmacological",1
"Comparison of trimetazidine with nifedipine in effort angina: a double-blind, crossover study.","Europe",1990,1,0,0,1,0,"blinded","1990s",3.68887945411394,"pharmacological",1
"Randomized double-blind comparison of nifedipine and isosorbide dinitrate in patients with coronary arterial spasm.","North America",1982,1,0,0,0,0,"blinded","1980s",2.99573227355399,"pharmacological",0
"A comparison of nifedipine and isosorbide dinitrate in angina pectoris with particular reference to arterial oxygen saturation.","Europe",1983,1,0,0,1,0,"blinded","1980s",2.99573227355399,"pharmacological",1
"[The antianginal effects of a new delayed-release formulation of diltiazem in patients with stable angina pectoris: its evaluation by the ergometry test and dynamic electrocardiogram].","Europe",1992,0,0,0,1,1,"blinded","1990s",2.56494935746154,"pharmacological",1
"Treadmill exercise protocols to demonstrate effectiveness of nitrate drugs in relief of angina pectoris; duration of action and degree of functional enhancement.","North America",1981,0,0,0,1,0,"blinded","1980s",2.63905732961526,"pharmacological",1
"Investigation of therapeutic mechanisms of atenolol and diltiazem in patients with variable-threshold angina.","Europe",1994,1,0,0,1,1,"blinded","1990s",2.77258872223978,"pharmacological",1
"Ivabradine improves all aspects of quality of life assessed with the 36-item short form health survey in subjects with chronic ischemic heart disease compared with beta-blockers.","Europe",2013,0,1,0,0,0,"blinded","2010-2026",5.47646355193151,"pharmacological",0
"A sustained effect of coronary bypass surgery in stable angina pectoris.","Europe",1985,0,0,0,1,0,"unblinded","1980s",4.61512051684126,"interventional",1
"Chronic administration of N-acetylcysteine fails to prevent nitrate tolerance in patients with stable angina pectoris.","Europe",1990,0,0,0,1,0,"blinded","1990s",2.19722457733622,"pharmacological",1
"Relation between ST-depression and chest pain in patients with coronary heart disease receiving no treatment and after beta-blockade and combined alpha-beta-blockade.","Europe",1981,1,1,0,1,0,"blinded","1980s",2.39789527279837,"pharmacological",1
"Duration of effects of isradipine during twice daily therapy in angina pectoris.","North America",1994,0,0,0,1,0,"blinded","1990s",4.29045944114839,"pharmacological",1
"[Long-term therapy of stress angina pectoris by a single daily administration of 120 mg isosorbide dinitrate in retard form. Comparison of monotherapy and combination therapy with atenolol and nifedipine].","Europe",1985,0,0,0,1,0,"blinded","1980s",2.77258872223978,"pharmacological",1
"Sustained-release diltiazem versus metoprolol in stable angina pectoris.","Europe",1989,0,0,0,1,0,"blinded","1980s",2.56494935746154,"pharmacological",1
"The effects of lidoflazine on exercise performance and thallium stress scintigraphy in patients with stable angina pectoris.","North America",1982,1,0,0,1,0,"blinded","1980s",3.61091791264422,"pharmacological",1
"A double-blind randomized trial of propranolol and verapamil in the treatment of effort angina.","Australia",1982,1,0,0,1,0,"blinded","1980s",2.94443897916644,"pharmacological",1
"Nitrate tolerance in angina pectoris: effect of transdermal nitroglycerin with a four-hour nitrate-free interval.","Australia",1991,0,0,0,1,0,"blinded","1990s",2.56494935746154,"pharmacological",1
"Nitroderm TTS in exercise-induced angina pectoris--a randomized double-blind study.","Europe",1985,0,0,0,1,0,"blinded","1980s",2.30258509299405,"pharmacological",1
"Lack of effect of nitrates on exercise stress test results in patients with microvascular angina.","Europe",2013,0,0,0,1,0,"blinded","2010-2026",3.98898404656427,"pharmacological",1
"Randomized controlled trial of a psychoeducation program for the self-management of chronic cardiac pain.","North America",2008,0,1,0,0,0,"unblinded","2000s",4.87519732320115,"other",0
"Clinical response and effects on left ventricular function of isosorbide dinitrate added to propranolol or diltiazem monotherapy in patients with chronic stable angina.","North America",1991,1,0,0,1,0,"blinded","1990s",3.2188758248682,"pharmacological",1
"Felodipine and amlodipine in stable angina pectoris: results of a randomized double-blind crossover trial.","Europe",1997,1,0,0,0,1,"blinded","1990s",3.97029191355212,"pharmacological",1
"Transmyocardial revascularization with a carbon dioxide laser in patients with end-stage coronary artery disease.","North America",1999,0,0,1,0,0,"unblinded","1990s",5.26269018890489,"interventional",0
"Long-term effects of spinal cord stimulation on myocardial ischemia and heart rate variability: results of a 48-hour ambulatory electrocardiographic monitoring.","Europe",2001,0,0,0,0,1,NA,"2000s",2.77258872223978,"interventional",1
"Avoidance of tolerance and lack of rebound with intermittent dose titrated transdermal glyceryl trinitrate. The Transdermal Nitrate Investigators.","Europe",1991,0,0,0,1,1,"blinded","1990s",3.97029191355212,"pharmacological",1
"[Efficacy and duration of action of isosorbide-5-mononitrate in the treatment of stable angina of effort. Comparison with sustained-release isosorbide dinitrate].","Europe",1985,0,0,0,1,0,"blinded","1980s",2.94443897916644,"pharmacological",1
"Oral nitroglycerin as a prophylactic antianginal drug: clinical, physiologic, and statistical evidence of efficacy based on a three-phase experimental design.","North America",1975,1,0,0,1,1,"blinded","1970s",3.25809653802148,"pharmacological",1
"Comparison of acute and steady-state conditions of gallopamil therapy in stable angina pectoris.","Europe",1992,0,0,0,1,0,"blinded","1990s",2.56494935746154,"pharmacological",1
"Comparison of five beta-adrenoreceptor antagonists with different ancillary properties during sustained twice daily therapy in angina pectoris.","Europe",1980,1,0,0,1,0,"blinded","1980s",3.17805383034795,"pharmacological",1
"[Evaluation of the effects of a new calcium antagonist, diltiazem, in patients with stable effort angina and a therapeutic comparison with nifedipine].","Europe",1983,0,0,0,1,0,"blinded","1980s",2.56494935746154,"pharmacological",1
"[Anti-angina effectiveness of isosorbide dinitrate in an acute trial and following continuous 4-week therapy with 40 mg 6 times a day].","Europe",1985,1,0,0,1,0,"blinded","1980s",2.39789527279837,"pharmacological",1
"Comparison of nitroglycerin patches and nifedipine.","North America",1986,1,0,0,1,0,"unblinded","1980s",2.77258872223978,"pharmacological",1
"Diltiazem and propranolol, alone and in combination, on exercise performance and left ventricular function in patients with stable effort angina: a double-blind, randomized, and placebo-controlled study.","North America",1985,0,0,0,1,0,"blinded","1980s",2.56494935746154,"pharmacological",1
"Transmyocardial revascularization using an XeCl excimer laser: results of a randomized trial.","Europe",2004,0,0,1,0,0,"unblinded","2000s",3.43398720448515,"interventional",0
"Randomized double-blind comparison of nifedipine and isosorbide dinitrate therapy in variant angina pectoris due to coronary artery spasm.","North America",1982,1,0,0,0,0,"blinded","1980s",2.56494935746154,"pharmacological",0
"[Propranolol-nifedipine combination in the treatment of exercise-induced asthma].","Europe",1983,0,0,1,1,0,"blinded","1980s",2.39789527279837,"pharmacological",1
"Efficacy of conventional and sustained-release verapamil in stable angina pectoris.","Europe",1992,1,0,1,1,0,"blinded","1990s",3.04452243772342,"pharmacological",1
"Sustained antianginal efficacy of transdermal nitroglycerin patches using an overnight 10-hour nitrate-free interval.","North America",1988,1,0,0,1,1,"blinded","1980s",2.63905732961526,"pharmacological",1
"Lack of effect of asymmetrical dosage timing of isosorbide-5-mononitrate on nitrate tolerance during long-term administration.","Europe",1989,1,0,0,1,0,"blinded","1980s",2.99573227355399,"pharmacological",1
"[Long-term effect of various nitrates in ischemic heart disease and latent heart failure].","Europe",1989,1,0,0,1,0,NA,"1980s",3.2188758248682,"pharmacological",1
"The effect of supplemental L-arginine on tolerance development during continuous transdermal nitroglycerin therapy.","North America",2002,0,0,0,1,0,"blinded","2000s",2.70805020110221,"pharmacological",1
"Antianginal response to once-daily diltiazem CD in patients receiving concomitant beta-blockers, long-acting nitrates, or both. Diltiazem CD Study Group.","North America",1997,0,0,0,1,0,"blinded","1990s",5.15329159449778,"pharmacological",1
"The antianginal efficacy of isosorbide dinitrate therapy is maintained during diuretic treatment.","North America",1994,0,0,0,1,0,"blinded","1990s",2.39789527279837,"pharmacological",1
"Nitrate cross-tolerance: effect of sublingual isosorbide dinitrate and nitroglycerin during sustained nitrate therapy.","North America",1984,0,0,0,1,0,"blinded","1980s",2.39789527279837,"pharmacological",1
"A new isosorbide dinitrate extended-release formulation: pharmacokinetic and clinical parameters in patients with stable angina pectoris.","Europe",1994,0,0,0,1,0,"blinded","1990s",2.30258509299405,"pharmacological",1
"Comparison of effects of nisoldipine-extended release and amlodipine in patients with systemic hypertension and chronic stable angina pectoris.","North America",2003,0,0,0,1,0,"blinded","2000s",4.79579054559674,"pharmacological",1
"Efficacy of anti-anginal drugs in the treatment of angina pectoris associated with silent myocardial ischemia: importance of quantitative Holter ECG data for patient activity.","Asia",2000,0,0,0,0,1,"blinded","2000s",3.3322045101752,"pharmacological",1
"Evaluation of the antianginal and anti-ischemic efficacy of slow-release isosorbide-5-mononitrate capsules, bupranolol and their combination, in patients with chronic stable angina pectoris.","Europe",1991,1,0,0,1,0,"blinded","1990s",3.43398720448515,"pharmacological",1
"The VIVA trial: Vascular endothelial growth factor in Ischemia for Vascular Angiogenesis.","North America",2003,0,0,0,1,0,"blinded","2000s",5.18738580584075,"pharmacological",1
"The effect of vardenafil, a potent and highly selective phosphodiesterase-5 inhibitor for the treatment of erectile dysfunction, on the cardiovascular response to exercise in patients with coronary artery disease.","North America",2002,0,0,0,1,0,"blinded","2000s",3.73766961828337,"pharmacological",1
"Intermittent transdermal nitroglycerin therapy in angina pectoris. Clinically effective without tolerance or rebound. Minitran Efficacy Study Group.","North America",1995,0,0,0,1,0,"blinded","1990s",5.67675380226828,"pharmacological",1
"Efficacy of diltiazem for control of symptoms of coronary arterial spasm.","North America",1980,1,0,0,0,0,"blinded","1980s",2.63905732961526,"pharmacological",0
"[Verapamil versus propranolol in stable effort angina. Randomized, crossed, double-blind study].","Europe",1988,0,0,0,1,0,"blinded","1980s",2.83321334405622,"pharmacological",1
"[The relation between myocardial oxygen consumption and ischemia during exertion in patients with angina pectoris: effect of propranolol].","Europe",1985,0,0,0,1,0,"blinded","1980s",2.70805020110221,"pharmacological",1
"Efficacy of the long-acting nitro vasodilator pentaerithrityl tetranitrate in patients with chronic stable angina pectoris receiving anti-anginal background therapy with beta-blockers: a 12-week, randomized, double-blind, placebo-controlled trial.","Europe",2014,0,0,0,1,0,"blinded","2010-2026",6.48616078894409,"pharmacological",1
"Comparison of adrenergic beta-receptor antagonists in angina pectoris.","Europe",1973,0,0,0,1,0,"blinded","1970s",2.83321334405622,"pharmacological",1
"Acebultolol: basis for the prediction of effect on exercise tolerance.","North America",1976,0,0,0,1,0,"blinded","1970s",2.56494935746154,"pharmacological",1
"The Effectiveness and Cost-Effectiveness of Spinal Cord Stimulation for Refractory Angina (RASCAL Study): A Pilot Randomized Controlled Trial.","Europe",2016,0,1,0,0,0,"unblinded","2010-2026",3.40119738166216,"interventional",0
"[Extent of therapeutic effect and duration of 1 capsule of 120 mg isosorbide dinitrate in a slow release form].","Europe",1989,1,0,0,1,0,"blinded","1980s",2.94443897916644,"pharmacological",1
"A new clinical taxonomy for rating change in functional activities of patients with angina pectoris.","North America",1977,0,1,0,0,0,"blinded","1970s",5.73657229747919,"pharmacological",0
"Comparison of diltiazem and nifedipine for both angina pectoris and systemic hypertension.","North America",1985,1,0,0,1,0,"blinded","1980s",2.39789527279837,"pharmacological",1
"Discordance of anti-ischemic and hemodynamic effects of captopril in stable coronary artery disease.","Europe",1994,0,0,0,1,0,"blinded","1990s",3.63758615972639,"pharmacological",1
"[4 different nitrate preparations with regard to the possible development of tolerance in long-term treatment].","Europe",1985,1,0,0,1,0,NA,"1980s",3.49650756146648,"pharmacological",1
"Trimetazidine added to combined hemodynamic antianginal therapy in patients with type 2 diabetes: a randomized crossover trial.","South America",2007,0,0,0,1,0,"blinded","2000s",2.39789527279837,"pharmacological",1
"Effects of atenolol, slow-release nifedipine, and their combination on respiratory gas exchange and exercise tolerance in stable effort angina.","Europe",1991,0,0,0,1,0,"unblinded","1990s",3.61091791264422,"pharmacological",1
"Effects of a transdermal patch system containing nitroglycerin on exercise tolerance in patients with angina pectoris. Double-blind, placebo controlled, comparison with slow-release nifedipine and verapamil.","Europe",1986,0,0,0,1,0,"blinded","1980s",2.19722457733622,"pharmacological",1
"[Prevention of myocardial ischemia during exercise 8 hours after use of transdermal nitrate derivatives].","Europe",1986,0,0,0,1,0,"blinded","1980s",2.94443897916644,"pharmacological",1
"Comparison of the effect of isosorbide-5-mononitrate and isosorbide dinitrate in a slow-release form on exercise-induced myocardial ischemia.","Europe",1991,0,0,0,1,0,"blinded","1990s",3.04452243772342,"pharmacological",1
"Pharmacological treatment of coronary artery disease with recombinant fibroblast growth factor-2: double-blind, randomized, controlled clinical trial.","North America",2002,0,0,0,1,0,"blinded","2000s",5.82304589548302,"pharmacological",1
"Combined acebutolol/nifedipine therapy in patients with chronic coronary artery disease: additional improvement of ischemia-induced left ventricular dysfunction.","Europe",1982,1,0,0,1,0,NA,"1980s",3.09104245335832,"pharmacological",1
"The antianginal efficacy and tolerability of controlled-release metoprolol once daily: a comparison with conventional metoprolol tablets twice daily.","Europe",1988,1,0,0,1,0,"blinded","1980s",4.75359019110636,"pharmacological",1
"Effects of dosing intervals on the development of tolerance to high dose transdermal nitroglycerin.","North America",1989,0,0,0,0,1,"blinded","1980s",2.70805020110221,"pharmacological",1
"Coronary bypass surgery in stable angina pectoris. A randomized study of the effects on morbidity, mortality and employment.","Europe",1985,0,0,1,1,0,"unblinded","1980s",4.61512051684126,"interventional",1
"Endurance testing for evaluation of antianginal therapy with amlodipine, a calcium channel blocking agent.","North America",1988,1,0,0,1,0,"blinded","1980s",2.83321334405622,"pharmacological",1
"Antianginal efficacy of long-term nitrate therapy.","Europe",1983,1,0,0,1,0,"blinded","1980s",3.71357206670431,"pharmacological",1
"Differential antianginal responsiveness to acebutolol.","North America",1975,0,0,0,1,0,"blinded","1970s",1.94591014905531,"pharmacological",1
"[PLacebo-controlled double blind study of the anti-ischemic efficacy of transdermal depot nitrate].","Europe",1986,0,0,0,1,0,"blinded","1980s",2.56494935746154,"pharmacological",1
"Acute and chronic antianginal efficacy of continuous twenty-four-hour application of transdermal nitroglycerin. Steering Committee, Transdermal Nitroglycerin Cooperative Study.","North America",1991,1,0,0,1,0,"blinded","1990s",6.33327962813969,"pharmacological",1
"Nebivolol therapy improves endothelial function and increases exercise tolerance in patients with cardiac syndrome X.","Asia",2009,0,0,1,1,0,"blinded","2000s",3.66356164612965,"pharmacological",1
"Persistent improvement after coronary bypass surgery: ergometric and angiographic correlations at 5 years.","Europe",1983,0,0,0,1,0,"unblinded","1980s",4.61512051684126,"interventional",1
"Comparison of the effects of trimetazidine and diltiazem on exercise performance in patients with coronary heart disease. The Turkish trimetazidine study (TTS).","Asia",2004,0,0,0,1,0,"blinded","2000s",4.76217393479776,"pharmacological",1
"Hemodynamic, anti-ischemic, and neurohumoral effects of slow-release isosorbide-5-mononitrate in patients with coronary artery disease after short- and long-term therapy.","Europe",1991,0,0,0,1,0,"blinded","1990s",3.04452243772342,"pharmacological",1
"[Therapeutic coronary effectiveness of retard gallopamil following repeated administration in comparison with placebo].","Europe",1989,1,0,0,1,0,"blinded","1980s",2.83321334405622,"pharmacological",1
"[Treatment of ischemic heart disease in the elderly. Comparison of diltiazem, verapamil and gallopamil].","Europe",1993,1,0,0,1,0,"blinded","1990s",4.85203026391962,"pharmacological",1
"Effect of nifedipine on total ischemic activity and circadian distribution of myocardial ischemic episodes in angina pectoris.","North America",1991,0,0,0,1,1,"blinded","1990s",2.39789527279837,"pharmacological",1
"Chelation therapy for ischemic heart disease: a randomized controlled trial.","North America",2002,0,0,0,1,0,"blinded","2000s",4.44265125649032,"other",1
"New transdermal and transmucosal nitroglycerin delivery systems in patients with ischaemic heart disease.","Europe",1987,0,0,0,1,0,"unblinded","1980s",2.30258509299405,"pharmacological",1
"Antiischaemic effects of phasic release nitroglycerin system during acute and sustained therapy.","Europe",1989,0,0,0,1,0,"blinded","1980s",3.71357206670431,"pharmacological",1
"[Comparison of the anti-ischemia effect of nisoldipine and verapamil. Double-blind randomized cross-over and placebo-controlled acute and long-term study].","Europe",1984,1,0,0,1,0,"blinded","1980s",2.56494935746154,"pharmacological",1
"[Development of tolerance with regard to the anti-ischemic effect of isosorbide dinitrate in regular multiple daily administration].","Europe",1984,0,0,0,1,0,"blinded","1980s",2.484906649788,"pharmacological",1
"Effects of secondary prevention clinics on health status in patients with coronary heart disease: 4 year follow-up of a randomized trial in primary care.","Europe",2004,0,1,0,0,0,"unblinded","2000s",7.2034055210831,"other",0
"One-year results of percutaneous myocardial revascularization for refractory angina pectoris.","North America",2003,0,0,0,1,0,"unblinded","2000s",5.44241771052179,"interventional",1
"[Acute and subchronic effect of a patch with discontinuous nitroglycerin liberation]","Europe",1989,0,0,0,1,0,"blinded","1980s",2.56494935746154,"pharmacological",1
"[Plasma volume expansion may explain the attenuation of antianginal activity of oral isosorbide dinitrate in long-term therapy].","Europe",1999,0,0,0,1,0,"blinded","1990s",3.66356164612965,"pharmacological",1
"Sustained-release IS-5-MN in the treatment of coronary heart disease.","Europe",1991,1,0,0,1,0,"blinded","1990s",3.36729582998647,"pharmacological",1
"Antianginal and anti-ischemic efficacy of nicorandil in comparison with isosorbide-5-mononitrate and isosorbide dinitrate: results from two multicenter, double-blind, randomized studies with stable coronary heart disease patients.","Europe",1992,0,0,0,1,0,"blinded","1990s",4.20469261939097,"pharmacological",1
"Treatment of chronic angina pectoris with combination mibefradil and beta-blocker therapy.","North America",1998,1,0,0,1,0,"blinded","1990s",4.55387689160054,"pharmacological",1
"Microvascular Assessment of Ranolazine in Non-Obstructive Atherosclerosis: The MARINA Randomized, Double-Blinded, Controlled Pilot Trial","North America",2020,0,1,0,0,0,"blinded","2010-2026",3.29583686600433,"pharmacological",0
"Nurse-led psychological intervention reduces anxiety symptoms and improves quality of life following percutaneous coronary intervention for stable coronary artery disease","Asia",2020,0,1,0,0,0,"unblinded","2010-2026",4.39444915467244,"other",0
"Effects of a Cardiac Rehabilitation Program Versus Usual Care on Cardiopulmonary Function in Patients With Cardiac Syndrome X","Asia",2020,0,0,0,1,0,"unblinded","2010-2026",3.43398720448515,"other",1
"Randomized Controlled Comparison of Optimal Medical Therapy with Percutaneous Recanalization of Chronic Total Occlusion (COMET-CTO)","Europe",2021,0,1,0,0,0,"unblinded","2010-2026",4.61512051684126,"interventional",0
"Safety and Efficacy of Exercise-based Cardiac Rehabilitation in Patients with Refractory Angina. [Portuguese, English]","South America",2025,1,0,1,0,0,"blinded","2010-2026",3.8286413964891,"other",0
"Ranolazine effectively improves clinical symptoms in patients with slow flow coronary arteries: a randomized, double-blind, placebo-controlled clinical trial.","Asia",2025,0,1,0,0,0,"blinded","2010-2026",3.80666248977032,"pharmacological",0
"Efficacy and safety of yangxinshi versus trimetazidine on exercise tolerance in patients with coronary heart disease after percutaneous coronary intervention: Multicenter, double-blind clinical trial.","Asia",2024,0,0,0,1,0,"blinded","2010-2026",6.52502965784346,"other",1
"N-of-1 Trial of Angina Verification Before Percutaneous Coronary Intervention.","Europe",2024,1,0,0,0,0,"blinded","2010-2026",3.95124371858143,"interventional",0
"ChaMP-CMD: A Phenotype-Blinded, Randomized Controlled, Cross-Over Trial.","Europe",2023,0,0,0,1,0,"blinded","2010-2026",4.47733681447821,"pharmacological",1
"A Placebo-Controlled Trial of Percutaneous Coronary Intervention for Stable Angina.","Europe",2023,0,1,0,0,0,"blinded","2010-2026",5.71042701737487,"interventional",0
"Effectiveness of Shenshu Guanxin recipe granules for improving exercise tolerance in patients with stable angina pectoris: a randomized, double-blind, placebo-controlled trial.","Asia",2023,0,0,0,1,0,"blinded","2010-2026",5.24702407216049,"other",1
"A randomized, double-blind, placebo-controlled pilot trial of low-intensity pulsed ultrasound therapy for refractory angina pectoris.","Asia",2023,1,0,0,0,0,"blinded","2010-2026",4.04305126783455,"interventional",0
"Guanxin Danshen Dripping Pills Improve Quality of Life and Cardiovascular Prognoses of CHD Patients after PCI with Anxiety or Depression (GLAD Study): A Randomized Double-Blind Placebo-Controlled Study.","Asia",2022,0,1,0,0,0,"blinded","2010-2026",5.30330490805908,"other",0
"Feasibility and preliminary efficacy of acupuncture for angina in an underserved diverse population.","North America",2022,0,1,0,0,0,"unblinded","2010-2026",3.2188758248682,"other",0
"Health-Related Quality of Life and Angina in Fractional Flow Reserve- Versus Angiography-Guided Coronary Artery Bypass Grafting: FARGO Trial (Fractional Flow Reserve Versus Angiography Randomization for Graft Optimization).","Europe",2021,0,1,0,0,0,"blinded","2010-2026",4.61512051684126,"interventional",0
"Randomized Controlled Comparison of Optimal Medical Therapy with Percutaneous Recanalization of Chronic Total Occlusion (COMET-CTO).","Europe",2021,0,1,0,0,0,"unblinded","2010-2026",4.61512051684126,"interventional",0
